bs_year,baisakh1_ad,m01,m02,m03,m04,m05,m06,m07,m08,m09,m10,m11,m12,evidence,sources,notes
1975,1918-04-13,31,31,32,32,31,30,30,29,30,29,30,30,consensus,open-datasets,5/6 open datasets agree
1976,1919-04-13,31,32,31,32,31,30,30,30,29,29,30,31,consensus,open-datasets,8/8 open datasets agree
1977,1920-04-13,30,32,31,32,31,30,30,30,29,30,29,31,consensus,open-datasets,7/8 open datasets agree
1978,1921-04-13,31,31,32,31,31,31,30,29,30,29,30,30,consensus,open-datasets,10/10 open datasets agree
1979,1922-04-13,31,31,32,32,31,30,30,29,30,29,30,30,consensus,open-datasets,9/9 open datasets agree
1980,1923-04-13,31,32,31,32,31,30,30,30,29,29,30,31,consensus,open-datasets,9/9 open datasets agree
1981,1924-04-13,31,31,31,32,31,31,29,30,30,29,30,30,consensus,open-datasets,9/10 open datasets agree
1982,1925-04-13,31,31,32,31,31,31,30,29,30,29,30,30,consensus,open-datasets,9/9 open datasets agree
1983,1926-04-13,31,31,32,32,31,30,30,29,30,29,30,30,consensus,open-datasets,9/9 open datasets agree
1984,1927-04-13,31,32,31,32,31,30,30,30,29,29,30,31,consensus,open-datasets,9/9 open datasets agree
1985,1928-04-13,31,31,31,32,31,31,29,30,30,29,30,30,consensus,open-datasets,10/10 open datasets agree
1986,1929-04-13,31,31,32,31,31,31,30,29,30,29,30,30,consensus,open-datasets,9/9 open datasets agree
1987,1930-04-13,31,32,31,32,31,30,30,29,30,29,30,30,consensus,open-datasets,10/10 open datasets agree
1988,1931-04-13,31,32,31,32,31,30,30,30,29,29,30,31,consensus,open-datasets,9/9 open datasets agree
1989,1932-04-13,31,31,31,32,31,31,29,30,30,29,30,30,disputed,open-datasets,6/10 open datasets agree
1990,1933-04-13,31,31,32,31,31,31,30,29,30,29,30,30,consensus,open-datasets,9/9 open datasets agree
1991,1934-04-13,31,32,31,32,31,30,30,30,29,29,30,30,disputed,open-datasets,7/10 open datasets agree
1992,1935-04-13,31,32,31,32,31,30,30,30,29,30,29,31,consensus,open-datasets,10/10 open datasets agree
1993,1936-04-13,31,31,32,31,31,31,30,29,30,29,30,30,disputed,open-datasets,6/9 open datasets agree
1994,1937-04-13,31,31,32,31,31,31,30,29,30,29,30,30,consensus,open-datasets,9/9 open datasets agree
1995,1938-04-13,31,32,31,32,31,30,30,30,29,29,30,30,consensus,open-datasets,9/9 open datasets agree
1996,1939-04-13,31,32,31,32,31,30,30,30,29,30,29,31,consensus,open-datasets,9/9 open datasets agree
1997,1940-04-13,31,31,32,31,31,31,30,29,30,29,30,30,consensus,open-datasets,9/9 open datasets agree
1998,1941-04-13,31,31,32,31,31,31,30,29,30,29,30,30,consensus,open-datasets,9/10 open datasets agree
1999,1942-04-13,31,32,31,32,31,30,30,30,29,29,30,31,consensus,open-datasets,9/9 open datasets agree
2000,1943-04-14,30,32,31,32,31,30,30,30,29,30,29,31,consensus,open-datasets,21/21 open datasets agree
2001,1944-04-13,31,31,32,31,31,31,30,29,30,29,30,30,consensus,open-datasets,20/20 open datasets agree
2002,1945-04-13,31,31,32,32,31,30,30,29,30,29,30,30,consensus,open-datasets,20/20 open datasets agree
2003,1946-04-13,31,32,31,32,31,30,30,30,29,29,30,31,consensus,open-datasets,20/20 open datasets agree
2004,1947-04-14,30,32,31,32,31,30,30,30,29,30,29,31,disputed,open-datasets,16/20 open datasets agree
2005,1948-04-13,31,31,32,31,31,31,30,29,30,29,30,30,consensus,open-datasets,20/20 open datasets agree
2006,1949-04-13,31,31,32,32,31,30,30,29,30,29,30,30,consensus,open-datasets,20/20 open datasets agree
2007,1950-04-13,31,32,31,32,31,30,30,30,29,29,30,31,consensus,open-datasets,20/20 open datasets agree
2008,1951-04-14,31,31,31,32,31,31,29,30,30,29,29,31,consensus,open-datasets,20/20 open datasets agree
2009,1952-04-13,31,31,32,31,31,31,30,29,30,29,30,30,consensus,open-datasets,20/20 open datasets agree
2010,1953-04-13,31,31,32,32,31,30,30,29,30,29,30,30,consensus,open-datasets,20/20 open datasets agree
2011,1954-04-13,31,32,31,32,31,30,30,30,29,29,30,31,consensus,open-datasets,20/20 open datasets agree
2012,1955-04-14,31,31,31,32,31,31,29,30,30,29,30,30,consensus,open-datasets,20/20 open datasets agree
2013,1956-04-13,31,31,32,31,31,31,30,29,30,29,30,30,consensus,open-datasets,20/20 open datasets agree
2014,1957-04-13,31,31,32,32,31,30,30,29,30,29,30,30,consensus,open-datasets,20/20 open datasets agree
2015,1958-04-13,31,32,31,32,31,30,30,30,29,29,30,31,consensus,open-datasets,20/20 open datasets agree
2016,1959-04-14,31,31,31,32,31,31,29,30,30,29,30,30,consensus,open-datasets,20/20 open datasets agree
2017,1960-04-13,31,31,32,31,31,31,30,29,30,29,30,30,consensus,open-datasets,20/20 open datasets agree
2018,1961-04-13,31,32,31,32,31,30,30,29,30,29,30,30,consensus,open-datasets,20/20 open datasets agree
2019,1962-04-13,31,32,31,32,31,30,30,30,29,30,29,31,consensus,open-datasets,20/20 open datasets agree
2020,1963-04-14,31,31,31,32,31,31,30,29,30,29,30,30,consensus,open-datasets,20/20 open datasets agree
2021,1964-04-13,31,31,32,31,31,31,30,29,30,29,30,30,consensus,open-datasets,20/20 open datasets agree
2022,1965-04-13,31,32,31,32,31,30,30,30,29,29,30,30,consensus,open-datasets,20/20 open datasets agree
2023,1966-04-13,31,32,31,32,31,30,30,30,29,30,29,31,consensus,open-datasets,20/20 open datasets agree
2024,1967-04-14,31,31,31,32,31,31,30,29,30,29,30,30,consensus,open-datasets,20/20 open datasets agree
2025,1968-04-13,31,31,32,31,31,31,30,29,30,29,30,30,consensus,open-datasets,20/20 open datasets agree
2026,1969-04-13,31,32,31,32,31,30,30,30,29,29,30,31,consensus,open-datasets,20/20 open datasets agree
2027,1970-04-14,30,32,31,32,31,30,30,30,29,30,29,31,consensus,open-datasets,20/20 open datasets agree
2028,1971-04-14,31,31,32,31,31,31,30,29,30,29,30,30,consensus,open-datasets,20/20 open datasets agree
2029,1972-04-13,31,31,32,31,32,30,30,29,30,29,30,30,consensus,open-datasets,20/20 open datasets agree
2030,1973-04-13,31,32,31,32,31,30,30,30,29,29,30,31,consensus,open-datasets,20/20 open datasets agree
2031,1974-04-14,30,32,31,32,31,30,30,30,29,30,29,31,consensus,open-datasets,20/20 open datasets agree
2032,1975-04-14,31,31,32,31,31,31,30,29,30,29,30,30,consensus,open-datasets,20/20 open datasets agree
2033,1976-04-13,31,31,32,32,31,30,30,29,30,29,30,30,consensus,open-datasets,20/20 open datasets agree
2034,1977-04-13,31,32,31,32,31,30,30,30,29,29,30,31,consensus,open-datasets,20/20 open datasets agree
2035,1978-04-14,30,32,31,32,31,31,29,30,30,29,29,31,consensus,open-datasets,20/20 open datasets agree
2036,1979-04-14,31,31,32,31,31,31,30,29,30,29,30,30,consensus,open-datasets,20/20 open datasets agree
2037,1980-04-13,31,31,32,32,31,30,30,29,30,29,30,30,consensus,open-datasets,20/20 open datasets agree
2038,1981-04-13,31,32,31,32,31,30,30,30,29,29,30,31,consensus,open-datasets,20/20 open datasets agree
2039,1982-04-14,31,31,31,32,31,31,29,30,30,29,30,30,consensus,open-datasets,20/20 open datasets agree
2040,1983-04-14,31,31,32,31,31,31,30,29,30,29,30,30,consensus,open-datasets,20/20 open datasets agree
2041,1984-04-13,31,31,32,32,31,30,30,29,30,29,30,30,consensus,open-datasets,20/20 open datasets agree
2042,1985-04-13,31,32,31,32,31,30,30,30,29,29,30,31,consensus,open-datasets,20/20 open datasets agree
2043,1986-04-14,31,31,31,32,31,31,29,30,30,29,30,30,consensus,open-datasets,20/20 open datasets agree
2044,1987-04-14,31,31,32,31,31,31,30,29,30,29,30,30,consensus,open-datasets,20/20 open datasets agree
2045,1988-04-13,31,32,31,32,31,30,30,29,30,29,30,30,consensus,open-datasets,20/20 open datasets agree
2046,1989-04-13,31,32,31,32,31,30,30,30,29,29,30,31,consensus,open-datasets,20/20 open datasets agree
2047,1990-04-14,31,31,31,32,31,31,30,29,30,29,30,30,consensus,open-datasets,20/20 open datasets agree
2048,1991-04-14,31,31,32,31,31,31,30,29,30,29,30,30,consensus,open-datasets,20/20 open datasets agree
2049,1992-04-13,31,32,31,32,31,30,30,30,29,29,30,30,consensus,open-datasets,20/20 open datasets agree
2050,1993-04-13,31,32,31,32,31,30,30,30,29,30,29,31,consensus,open-datasets,20/20 open datasets agree
2051,1994-04-14,31,31,31,32,31,31,30,29,30,29,30,30,consensus,open-datasets,20/20 open datasets agree
2052,1995-04-14,31,31,32,31,31,31,30,29,30,29,30,30,consensus,open-datasets,20/20 open datasets agree
2053,1996-04-13,31,32,31,32,31,30,30,30,29,29,30,30,consensus,open-datasets,20/20 open datasets agree
2054,1997-04-13,31,32,31,32,31,30,30,30,29,30,29,31,consensus,open-datasets,20/20 open datasets agree
2055,1998-04-14,31,31,32,31,31,31,30,29,30,29,30,30,consensus,open-datasets,20/20 open datasets agree
2056,1999-04-14,31,31,32,31,32,30,30,29,30,29,30,30,consensus,open-datasets,20/20 open datasets agree
2057,2000-04-13,31,32,31,32,31,30,30,30,29,29,30,31,consensus,open-datasets,20/20 open datasets agree
2058,2001-04-14,30,32,31,32,31,30,30,30,29,30,29,31,consensus,open-datasets,20/20 open datasets agree
2059,2002-04-14,31,31,32,31,31,31,30,29,30,29,30,30,consensus,open-datasets,20/20 open datasets agree
2060,2003-04-14,31,31,32,32,31,30,30,29,30,29,30,30,consensus,open-datasets,20/20 open datasets agree
2061,2004-04-13,31,32,31,32,31,30,30,30,29,29,30,31,consensus,open-datasets,20/20 open datasets agree
2062,2005-04-14,31,31,31,32,31,31,29,30,29,30,29,31,disputed,open-datasets,7/21 open datasets agree; nepali-datetime corrected this row in 2024
2063,2006-04-14,31,31,32,31,31,31,30,29,30,29,30,30,consensus,open-datasets,20/20 open datasets agree
2064,2007-04-14,31,31,32,32,31,30,30,29,30,29,30,30,consensus,open-datasets,20/20 open datasets agree
2065,2008-04-13,31,32,31,32,31,30,30,30,29,29,30,31,consensus,open-datasets,20/20 open datasets agree
2066,2009-04-14,31,31,31,32,31,31,29,30,30,29,29,31,consensus,open-datasets,20/20 open datasets agree
2067,2010-04-14,31,31,32,31,31,31,30,29,30,29,30,30,consensus,open-datasets,20/20 open datasets agree
2068,2011-04-14,31,31,32,32,31,30,30,29,30,29,30,30,consensus,open-datasets,20/20 open datasets agree
2069,2012-04-13,31,32,31,32,31,30,30,30,29,29,30,31,consensus,open-datasets,20/20 open datasets agree
2070,2013-04-14,31,31,31,32,31,31,29,30,30,29,30,30,consensus,open-datasets,20/20 open datasets agree
2071,2014-04-14,31,31,32,31,31,31,30,29,30,29,30,30,consensus,open-datasets,20/20 open datasets agree
2072,2015-04-14,31,32,31,32,31,30,30,29,30,29,30,30,consensus,open-datasets,20/20 open datasets agree
2073,2016-04-13,31,32,31,32,31,30,30,30,29,29,30,31,consensus,open-datasets,20/20 open datasets agree
2074,2017-04-14,31,31,31,32,31,31,30,29,30,29,30,30,consensus,open-datasets,20/20 open datasets agree
2075,2018-04-14,31,31,32,31,31,31,30,29,30,29,30,30,consensus,open-datasets,20/20 open datasets agree
2076,2019-04-14,31,32,31,32,31,30,30,30,29,29,30,30,consensus,open-datasets,20/20 open datasets agree
2077,2020-04-13,31,32,31,32,31,30,30,30,29,30,29,31,consensus,open-datasets,20/20 open datasets agree
2078,2021-04-14,31,31,31,32,31,31,30,29,30,29,30,30,consensus,open-datasets,20/20 open datasets agree
2079,2022-04-14,31,31,32,31,31,31,30,29,30,29,30,30,consensus,open-datasets,20/20 open datasets agree
2080,2023-04-14,31,32,31,32,31,30,30,30,29,29,30,30,consensus,open-datasets,20/20 open datasets agree
2081,2024-04-13,31,32,31,32,31,30,30,30,29,30,29,31,verified,surya-panchanga-2081 open-datasets,checked against Surya Panchanga 2081; 12/20 open datasets agree
2082,2025-04-14,31,31,32,31,31,31,30,29,30,29,30,30,verified,npns-panchang-2082 open-datasets,checked against the national panchang; 9/20 open datasets agree
2083,2026-04-14,31,31,32,31,31,31,30,29,30,29,30,30,verified,npns-panchang-2083 open-datasets,checked against the national panchang; 8/20 open datasets agree
